FCLTY_NM,KEYWORDS,ST_ADDRESS,LOCALITY,MAIL_ADD,POSTAL_CD,WEBSITE,IMAGE_URL,LATITUDE,LONGITUDE,CONT_PHONE,CONT_FAX,ADDRESS,DT_UPDATE,GEOCD_IND,SRCDATA_ID,CUST_ORG,BUS_CAT_CL,BUS_CAT_DS,OCCPNT_TYP,SHAPE,SEQ_ID,X,Y
Castlegar Community Harvest Food Bank,Food; Food Bank,614 Christina Pl,Castlegar,C/O 301 - 32nd Street,V1N 3S6,,,49.3097038,-117.6591596,250-608-2227,,"614 Christina Pl, Castlegar, BC",20180601223150,,180,"Ministry of Forest, Lands and Natural Resource Operations and Rural Development - GeoBC ",healthCareAndSocialAssistance,Health care and social assistance,Health care and social assistance,,180,1605641.4420000005,512760.3329999987
Prince Rupert Salvation Army Family Services,Food; Food Bank,,Prince Rupert,25 Grenville Court,V8J 1R3,,,54.3105046,-130.3263202,250-624-6325,250-624-8157,"Prince Rupert, BC",20180601223150,,160,"Ministry of Forest, Lands and Natural Resource Operations and Rural Development - GeoBC ",healthCareAndSocialAssistance,Health care and social assistance,Health care and social assistance,,160,719359.8549999999,1042844.8290000008
St. Mark's Food Bank,Food; Food Bank,,Dawson Creek,1029 103 Avenue,V1G 2G6,,,55.757946,-120.231682,250-782-2939,,"Dawson Creek, BC",20180601223150,,179,"Ministry of Forest, Lands and Natural Resource Operations and Rural Development - GeoBC ",healthCareAndSocialAssistance,Health care and social assistance,Health care and social assistance,,179,1360848.3359999997,1210542.4270000001
Richmond Food Bank Society,Food; Food Bank,,Richmond,100-5800 Cedarbridge Way,V6X 2A7,http://richmondfoodbank.org/,,49.173007999999996,-123.142021,604-271-5609,,"Richmond, BC",20180601223150,,163,"Ministry of Forest, Lands and Natural Resource Operations and Rural Development - GeoBC ",healthCareAndSocialAssistance,Health care and social assistance,Health care and social assistance,,163,1208559.7349999994,466062.5080000032
Surrey Food Bank,Food; Food Bank,10732 City Parkway,Surrey,10732 City Parkway,V3T 4C7,https://www.surreyfoodbank.org/,,49.1978135,-122.848643,604-581-5443,,"10732 City Parkway, Surrey, BC",20180601223150,,144,"Ministry of Forest, Lands and Natural Resource Operations and Rural Development - GeoBC ",healthCareAndSocialAssistance,Health care and social assistance,Health care and social assistance,,144,1229832.7389999996,469724.2979999967
Tansi Friendship Centre,Food; Food Bank,5301 South Access Road,Chetwynd,P.O. Box 418,V0C 1J0,,,55.695904,-121.635384,250-788-2996,250-788-2353,"5301 South Access Road, Chetwynd, BC",20180601223150,,133,"Ministry of Forest, Lands and Natural Resource Operations and Rural Development - GeoBC ",healthCareAndSocialAssistance,Health care and social assistance,Health care and social assistance,,133,1273592.9379999987,1197344.722
Cowichan Valley Basket Society,Food; Food Bank,5810 Garden St,Duncan,5810 Garden St,V9L 3V9,https://www.cvbs.ca/,,48.7817,-123.705765,250-746-1566,,"5810 Garden St, Duncan, BC",20180601223150,,140,"Ministry of Forest, Lands and Natural Resource Operations and Rural Development - GeoBC ",healthCareAndSocialAssistance,Health care and social assistance,Health care and social assistance,,140,1168845.1510000012,421128.42599999625
Cawston - Keremeos Food Bank,Food; Food Bank,2334 Newton Road,Cawston,"C/O 2469 South Main Street, Penticton",V2A 5J1,,,49.1938653,-119.7753457,250-492-4788,,"2334 Newton Road, Cawston, BC",20180601223150,,147,"Ministry of Forest, Lands and Natural Resource Operations and Rural Development - GeoBC ",healthCareAndSocialAssistance,Health care and social assistance,Health care and social assistance,,147,1453576.0209999997,484123.30699999817
Nelson Salvation Army Family Services,Food; Food Bank,601 Vernon St,Nelson,PO Box 329,V1L 4E9,,,49.493412,-117.293404,250-352-3488,,"601 Vernon St, Nelson, BC",20180601223150,,141,"Ministry of Forest, Lands and Natural Resource Operations and Rural Development - GeoBC ",healthCareAndSocialAssistance,Health care and social assistance,Health care and social assistance,,141,1629563.6570000006,536219.923999995
100 Mile House Food Bank,Food; Food Bank,,100 Mile House,5693 Horse Lake Road,V0K 2E1,,,51.6162493,-121.2442164,250-395-3923,250-397-2579,"100 Mile House, BC",20180601223150,,149,"Ministry of Forest, Lands and Natural Resource Operations and Rural Development - GeoBC ",healthCareAndSocialAssistance,Health care and social assistance,Health care and social assistance,,149,1328633.0700000008,744778.1169999978
Greater Vancouver Food Bank Society,Food; Food Bank,,Vancouver,1150 Raymur Ave,V6A 3T2,https://www.foodbank.bc.ca/,,49.27467,-123.08242,604-876-3601,604-876-7323,"Vancouver, BC",20180601223150,,165,"Ministry of Forest, Lands and Natural Resource Operations and Rural Development - GeoBC ",healthCareAndSocialAssistance,Health care and social assistance,Health care and social assistance,,165,1212441.2709999993,477525.5299999984
Agassiz-Harrison Food Bank,Food; Food Bank,#5 - 7086 Cheam Ave,Agassiz,P.O. Box 564,V0M 1A0,http://agassiz-harrisoncs.ca/services/emergency-food-bank,,49.238419,-121.763626,604-796-2585,604-796-2517,"#5 - 7086 Cheam Ave, Agassiz, BC",20180601223150,,191,"Ministry of Forest, Lands and Natural Resource Operations and Rural Development - GeoBC ",healthCareAndSocialAssistance,Health care and social assistance,Health care and social assistance,,191,1308612.3149999992,478356.15800000075
Friends in Need Food Bank,Food; Food Bank,,Maple Ridge,#8 - 22726 Dewdney Trunk Rd,V2X 8K9,http://www.friendsneedfood.com/contact-information.html,,49.220431999999995,-122.591156,604-466-3663,604-463-1736,"Maple Ridge, BC",20180601223150,,192,"Ministry of Forest, Lands and Natural Resource Operations and Rural Development - GeoBC ",healthCareAndSocialAssistance,Health care and social assistance,Health care and social assistance,,192,1248476.6860000014,473104.44900000095
Kitimat Food Bank Society,Food; Food Bank,230 City Centre,Kitimat,PO Box 20,V8C 2G6,,,54.0536915,-128.65388,250-632-6611,,"230 City Centre, Kitimat, BC",20180601223150,,103,"Ministry of Forest, Lands and Natural Resource Operations and Rural Development - GeoBC ",healthCareAndSocialAssistance,Health care and social assistance,Health care and social assistance,,103,826706.6939999984,1008851.6669999966
Eagle Valley Community Food Bank,Food; Food Bank,1214 Shuswap Ave,Sicamous,PO Box 777,V0E 2V0,https://www.sites.google.com/site/sicamousresourcectr/Home/about-us/contact-us,,50.8359569,-118.98614,250-836-3440,250-836-3414,"1214 Shuswap Ave, Sicamous, BC",20180601223150,,159,"Ministry of Forest, Lands and Natural Resource Operations and Rural Development - GeoBC ",healthCareAndSocialAssistance,Health care and social assistance,Health care and social assistance,,159,1492839.3359999992,671251.0869999975
Hornby Island Food Bank,Food; Food Bank,,Hornby Island,C\/O Hornby Island Education Society - 3130 Cannon Road,V0R 1Z0,https://hornbyeducation.com/2015/12/10/hornby-island-food-bank/,,49.5350577,-124.6684838,250-335-1629,250-335-2006,"Hornby Island, BC",20180601223150,,158,"Ministry of Forest, Lands and Natural Resource Operations and Rural Development - GeoBC ",healthCareAndSocialAssistance,Health care and social assistance,Health care and social assistance,,158,1096430.7630000007,502992.3999999948
Fort St John Salvation Army Family Services,Food; Food Bank,10116 - 100th Ave,Fort St John,PO Box 6635,V1J 4J1,,,56.246531999999995,-120.849876,250-785-0506,250-785-0507,"10116 - 100th Ave, Fort St John, BC",20180601223150,,166,"Ministry of Forest, Lands and Natural Resource Operations and Rural Development - GeoBC ",healthCareAndSocialAssistance,Health care and social assistance,Health care and social assistance,,166,1318284.8409999986,1261944.9120000117
Sidney Lions Food Bank,Food; Food Bank,,Sidney,9586 5th Street,V8L 3S8,http://sidneylionsfoodbank.com/,,48.6437022,-123.4007922,250-655-0679,250-655-1130,"Sidney, BC",20180601223150,,181,"Ministry of Forest, Lands and Natural Resource Operations and Rural Development - GeoBC ",healthCareAndSocialAssistance,Health care and social assistance,Health care and social assistance,,181,1191842.6170000008,406594.51399999857
Abbotsford Food Bank,Food; Food Bank,,Abbotsford,33914 Essendene Avenue,V2S 3H8,https://www.abbotsfordfoodbank.com/,,49.0486169,-122.285428,604-859-5749,604-859-2717,"Abbotsford, BC",20180601223150,,189,"Ministry of Forest, Lands and Natural Resource Operations and Rural Development - GeoBC ",healthCareAndSocialAssistance,Health care and social assistance,Health care and social assistance,,189,1271743.1970000002,455164.9220000012
Clearwater & District Food Bank,Food; Food Bank,,Clearwater,742b Clearwater Village Rd,V0E 1N1,,,51.646736,-120.012138,250-674-3402,250-674-3402,"Clearwater, BC",20180601223150,,193,"Ministry of Forest, Lands and Natural Resource Operations and Rural Development - GeoBC ",healthCareAndSocialAssistance,Health care and social assistance,Health care and social assistance,,193,1413302.664,754622.4460000005
Pemberton SSCS Foodbank,Food; Food Bank,1357 Aster Street,Pemberton,Box 656,V0N 2L0,,,50.3215628,-122.8099699,604-698-5521,604-894-6333,"1357 Aster Street, Pemberton, BC",20180601223150,,154,"Ministry of Forest, Lands and Natural Resource Operations and Rural Development - GeoBC ",healthCareAndSocialAssistance,Health care and social assistance,Health care and social assistance,,154,1227022.6769999997,594674.6460000006
Chemainus Harvest House,Food; Food Bank,9814 Willow Street (Bsmt),Chemainus,P.O. Box 188,V0R 1K0,http://chemainusharvesthouse.com/,,48.923851,-123.718826,250-246-3455,250-246-9060,"9814 Willow Street (Bsmt), Chemainus, BC",20180601223150,,185,"Ministry of Forest, Lands and Natural Resource Operations and Rural Development - GeoBC ",healthCareAndSocialAssistance,Health care and social assistance,Health care and social assistance,,185,1167375.7050000005,436873.76399999764
People for a Healthy Community Food Bank,Food; Food Bank,675 North Road,Gabriola Island,P.O. Box 325,V0R 1X0,http://www.phcgabriola.org/,,49.1738277,-123.8398301,250-247-7322,250-247-7311,"675 North Road, Gabriola Island, BC",20180601223150,,169,"Ministry of Forest, Lands and Natural Resource Operations and Rural Development - GeoBC ",healthCareAndSocialAssistance,Health care and social assistance,Health care and social assistance,,169,1157653.0110000006,464348.5880000014
Vanderhoof Neighbourlink Food Bank,Food; Food Bank,121 Stewart Street West,Vanderhoof,PO Box 2353,V0J 3A0,,,54.0160977,-124.0097386,250-567-9007,,"121 Stewart Street West, Vanderhoof, BC",20180601223150,,195,"Ministry of Forest, Lands and Natural Resource Operations and Rural Development - GeoBC ",healthCareAndSocialAssistance,Health care and social assistance,Health care and social assistance,,195,1130091.5440000007,1003236.077999996
Penticton Salvation Army Community Food Bank,Food; Food Bank,,Penticton,2399 South Main St,V2A 5J1,,,49.471748,-119.58184800000001,250-492-4788,250-492-8813,"Penticton, BC",20180601223150,,135,"Ministry of Forest, Lands and Natural Resource Operations and Rural Development - GeoBC ",healthCareAndSocialAssistance,Health care and social assistance,Health care and social assistance,,135,1464841.9210000006,516134.79099999927
Salmo Food Bank,Food; Food Bank,311 Railway Avenue,Salmo,P.O. Box 39,V0G 1Z0,https://scrs.ca/food-security/,,49.195629,-117.278488,250-357-2277,250-357-2385,"311 Railway Avenue, Salmo, BC",20180601223150,,136,"Ministry of Forest, Lands and Natural Resource Operations and Rural Development - GeoBC ",healthCareAndSocialAssistance,Health care and social assistance,Health care and social assistance,,136,1634703.2789999987,503512.2219999973
White Rock - South Surrey Food Bank,Food; Food Bank,2343 156 Street,Surrey,2343 156 Street,V4A 4V5,https://www.sourcesbc.ca/our-services/sources-white-rock-south-surrey-food-bank/,,49.04454,-122.790604,604-531-8168,,"2343 156 Street, Surrey, BC",20180601223150,,145,"Ministry of Forest, Lands and Natural Resource Operations and Rural Development - GeoBC ",healthCareAndSocialAssistance,Health care and social assistance,Health care and social assistance,,145,1234834.387000001,452905.12699999847
Stuart Lake Outreach Group Society,Food; Food Bank,"271 Stuart Drive, West",Fort St James,PO Box 1144,V0J 1P0,,,54.442524,-124.25370000000001,250-567-6744,,"271 Stuart Drive, West, Fort St James, BC",20180601223150,,194,"Ministry of Forest, Lands and Natural Resource Operations and Rural Development - GeoBC ",healthCareAndSocialAssistance,Health care and social assistance,Health care and social assistance,,194,1112974.734999999,1050395.9980000034
Lumby Food Bank,Food; Food Bank,,Lumby,PO Box 791,V0E 2G0,,,50.248582,-118.9636159,250-547-2225,,"Lumby, BC",20180601223150,,119,"Ministry of Forest, Lands and Natural Resource Operations and Rural Development - GeoBC ",healthCareAndSocialAssistance,Health care and social assistance,Health care and social assistance,,119,1500904.4409999996,606352.4149999982
Bulkley Valley Food Bank -Salvation Army,Food; Food Bank,1065 Main St,Smithers,Box 4293,V0J 1Z0,,,54.778911,-127.1742024,250-847-1501,,"1065 Main St, Smithers, BC",20180601223150,,121,"Ministry of Forest, Lands and Natural Resource Operations and Rural Development - GeoBC ",healthCareAndSocialAssistance,Health care and social assistance,Health care and social assistance,,121,924654.9680000005,1087175.5859999983
Peachland Food Bank,Food; Food Bank,4440 5th St,Peachland,4440 5th St,V0H 1X0,,,49.7758898,-119.7353633,250-767-3312,250-767-3488,"4440 5th St, Peachland, BC",20180601223150,,142,"Ministry of Forest, Lands and Natural Resource Operations and Rural Development - GeoBC ",healthCareAndSocialAssistance,Health care and social assistance,Health care and social assistance,,142,1450764.5749999988,548818.1850000024
Williams Lake Salvation Army,Food; Food Bank,,Williams Lake,267 Borland St,V2G 1R4,,,52.129844999999996,-122.143097,250-392-2423,250-392-6467,"Williams Lake, BC",20180601223150,,139,"Ministry of Forest, Lands and Natural Resource Operations and Rural Development - GeoBC ",healthCareAndSocialAssistance,Health care and social assistance,Health care and social assistance,,139,1263470.0690000008,798161.183000002
Lillooet Food Bank,Food; Food Bank,357 Main St,Lillooet,PO Box 2170,V0K 1V0,,,50.700188,-121.926132,250-256-4400,250-256-7928,"357 Main St, Lillooet, BC",20180601223150,,115,"Ministry of Forest, Lands and Natural Resource Operations and Rural Development - GeoBC ",healthCareAndSocialAssistance,Health care and social assistance,Health care and social assistance,,115,1287436.4529999995,639973.3429999985
Arrow & Slocan Lakes Community Services,Food; Food Bank,,Nakusp,Box 100,V0G 1R0,http://aslcs.com/,,50.2419031,-117.8045009,250-265-3674,250-265-3378,"Nakusp, BC",20180601223150,,112,"Ministry of Forest, Lands and Natural Resource Operations and Rural Development - GeoBC ",healthCareAndSocialAssistance,Health care and social assistance,Health care and social assistance,,112,1583162.3519999986,614488.7850000067
Kaslo North Kootenay Lake Food Cupboard,Food; Food Bank,500 4th St.,Kaslo,PO Box 546,V0G 1M0,http://www.nklcss.org/home/location/kaslo-food-hub,,49.910064,-116.9045548,250-353-7120,250-535-7694,"500 4th St., Kaslo, BC",20180601223150,,146,"Ministry of Forest, Lands and Natural Resource Operations and Rural Development - GeoBC ",healthCareAndSocialAssistance,Health care and social assistance,Health care and social assistance,,146,1651593.8280000002,585697.6769999973
Vernon Food Bank,Food; Food Bank,3303 32 Ave,Vernon,3303 - 32 Ave,V1T 2M7,https://vernonhouseofhope.com/food-bank,,50.26548,-119.275284,250-549-4111,,"3303 32 Ave, Vernon, BC",20180601223150,,199,"Ministry of Forest, Lands and Natural Resource Operations and Rural Development - GeoBC ",healthCareAndSocialAssistance,Health care and social assistance,Health care and social assistance,,199,1478607.4800000007,606067.5280000055
Chase Hamper Society,Food; Food Bank,547 Shuswap Avenue,Chase,Box 137,V0E 1M0,,,50.818740999999996,-119.6905545,250-682-6155,,"547 Shuswap Avenue, Chase, BC",20180601223150,,152,"Ministry of Forest, Lands and Natural Resource Operations and Rural Development - GeoBC ",healthCareAndSocialAssistance,Health care and social assistance,Health care and social assistance,,152,1443651.7009999994,664683.3370000012
Nicola Valley & District Food Bank,Food; Food Bank,2026 Quilchena Ave,Merritt,PO Box 2719,V1K 1B8,,,50.110065,-120.78891,250-378-2282,,"2026 Quilchena Ave, Merritt, BC",20180601223150,,132,"Ministry of Forest, Lands and Natural Resource Operations and Rural Development - GeoBC ",healthCareAndSocialAssistance,Health care and social assistance,Health care and social assistance,,132,1372375.2679999988,579739.0540000033
Hope Food Bank,Food; Food Bank,434 Wallace St,Hope,P.O. Box 74,V0X 1L0,,,49.380505,-121.438927,604-869-2466,604-869-3317,"434 Wallace St, Hope, BC",20180601223150,,187,"Ministry of Forest, Lands and Natural Resource Operations and Rural Development - GeoBC ",healthCareAndSocialAssistance,Health care and social assistance,Health care and social assistance,,187,1331217.9449999998,495581.6360000018
Kamloops Food Bank & Outreach Society,Food; Food Bank,171 Wilson St,Kamloops,P.O. Box 1513,V2C 6L8,kamloopsfoodbank.org,,50.6867179,-120.3523016,250-376-2252,250-376-0052,"171 Wilson St, Kamloops, BC",20180601223150,,110,"Ministry of Forest, Lands and Natural Resource Operations and Rural Development - GeoBC ",healthCareAndSocialAssistance,Health care and social assistance,Health care and social assistance,,110,1398396.605000001,646101.175999999
Salmon Arm Salvation Army Food Bank,Food; Food Bank,191 2nd Ave Ne,Salmon Arm,PO Box 505,V1E 4N6,,,50.7002472,-119.28147799999999,250-832-9194,250-832-9148,"191 2nd Ave Ne, Salmon Arm, BC",20180601223150,,198,"Ministry of Forest, Lands and Natural Resource Operations and Rural Development - GeoBC ",healthCareAndSocialAssistance,Health care and social assistance,Health care and social assistance,,198,1473582.505000001,654196.7130000005
Prince George Salvation Army Family Services,Food; Food Bank,777 Ospika Blvd S,Prince George,777 Ospika Blvd S,V2N 1A9,,,53.917831,-122.795387,250-564-4000,250-561-1658,"777 Ospika Blvd S, Prince George, BC",20180601223150,,196,"Ministry of Forest, Lands and Natural Resource Operations and Rural Development - GeoBC ",healthCareAndSocialAssistance,Health care and social assistance,Health care and social assistance,,196,1209918.8319999997,995192.1789999995
Terrace Churches Food Bank,Food; Food Bank,Unit B - 4643 Park Avenue,Terrace,PO Box 603,V8G 4B8,,,54.518314,-128.589752,250-635-9670,,"Unit B - 4643 Park Avenue, Terrace, BC",20180601223150,,100,"Ministry of Forest, Lands and Natural Resource Operations and Rural Development - GeoBC ",healthCareAndSocialAssistance,Health care and social assistance,Health care and social assistance,,100,832788.9600000007,1060521.0349999992
Lake Country Food Assistance Society,Food; Food Bank,9830-C Bottom Wood Lake Road,Lake Country,P.O. Box 41013 Rpos,V4V 1Z7,,,50.0251893,-119.4005524,250-766-0125,,"9830-C Bottom Wood Lake Road, Lake Country, BC",20180601223150,,148,"Ministry of Forest, Lands and Natural Resource Operations and Rural Development - GeoBC ",healthCareAndSocialAssistance,Health care and social assistance,Health care and social assistance,,148,1472206.5199999996,578612.1019999962
Squamish Food Bank,Food; Food Bank,39650 Government Road,Squamish,PO Box 207,V0N 1T0,http://hswc.ca/food-bank/,,49.7271335,-123.1572262,604-815-4054,,"39650 Government Road, Squamish, BC",20180601223150,,107,"Ministry of Forest, Lands and Natural Resource Operations and Rural Development - GeoBC ",healthCareAndSocialAssistance,Health care and social assistance,Health care and social assistance,,107,1204978.2689999994,527555.1569999997
Mustard Seed Food Bank,Food; Food Bank,625 Queens Ave,Victoria,625 Queens Ave,V8T 1L9,https://mustardseed.ca/ministries/food-bank/,,48.434155,-123.366035,250-953-1575,250-385-0430,"625 Queens Ave, Victoria, BC",20180601223150,,184,"Ministry of Forest, Lands and Natural Resource Operations and Rural Development - GeoBC ",healthCareAndSocialAssistance,Health care and social assistance,Health care and social assistance,,184,1195271.91,383449.02499999385
Barriere and District Food Bank,Food; Food Bank,"4761 Gilbert Dr,",Barriere,PO Box 465,V0E 1E0,,,51.1838226,-120.143013,250-672-0029,,"4761 Gilbert Dr,, Barriere, BC",20180601223150,,114,"Ministry of Forest, Lands and Natural Resource Operations and Rural Development - GeoBC ",healthCareAndSocialAssistance,Health care and social assistance,Health care and social assistance,,114,1408552.3150000004,702467.7709999941
Golden Food Bank,Food; Food Bank,#102 1115 9th Street S,Golden,P.O. Box 1047,V0A 1H0,https://www.goldenfoodbank.ca/,,51.29634,-116.9592649,250-344-2113,,"#102 1115 9th Street S, Golden, BC",20180601223150,,137,"Ministry of Forest, Lands and Natural Resource Operations and Rural Development - GeoBC ",healthCareAndSocialAssistance,Health care and social assistance,Health care and social assistance,,137,1628042.6010000005,738248.9729999993
Harvest of Hope Food Bank,Food; Food Bank,5-682 Gibsons Way,Gibsons,PO Box 1625,V0N 1V0,,,49.4070135,-123.5073615,604-886-3665,604-886-3683,"5-682 Gibsons Way, Gibsons, BC",20180601223150,,174,"Ministry of Forest, Lands and Natural Resource Operations and Rural Development - GeoBC ",healthCareAndSocialAssistance,Health care and social assistance,Health care and social assistance,,174,1180995.6450000003,491040.6840000041
Goldstream Food Bank,Food; Food Bank,,Langford,"761 Station Ave, (Basement)",V9B 6K8,https://goldstreamfoodbank.islandwebhosting.com/,,48.446289,-123.50016,250-474-4443,250-474-4443,"Langford, BC",20180601223150,,176,"Ministry of Forest, Lands and Natural Resource Operations and Rural Development - GeoBC ",healthCareAndSocialAssistance,Health care and social assistance,Health care and social assistance,,176,1185285.1119999995,384434.0900000008
Fort Nelson Food Bank,Food; Food Bank,5012 49th Ave,Fort Nelson,PO Box 1266,V0C 1R0,http://www.fnafs.org/food-programs.html,,58.8036656,-122.7014383,250-774-2993,250-774-2998,"5012 49th Ave, Fort Nelson, BC",20180601223150,,101,"Ministry of Forest, Lands and Natural Resource Operations and Rural Development - GeoBC ",healthCareAndSocialAssistance,Health care and social assistance,Health care and social assistance,,101,1190682.2789999987,1539906.3740000022
Sunshine Coast Food Bank,Food; Food Bank,,Sechelt,5657 Lamprey Lane,V0N 3A0,http://www.sccss.ca/programs/community-action-engagement/food-bank,,49.4773133,-123.7558079,604-885-5881,604-885-9493,"Sechelt, BC",20180601223150,,153,"Ministry of Forest, Lands and Natural Resource Operations and Rural Development - GeoBC ",healthCareAndSocialAssistance,Health care and social assistance,Health care and social assistance,,153,1162714.1679999996,498246.4249999998
Hazelton Salvation Army Community Food Bank,Food; Food Bank,Omenica Street,Hazelton,P.O. Box 100,V0J 1Y0,,,55.255699,-127.676033,250-842-5551,250-842-5599,"Omenica Street, Hazelton, BC",20180601223150,,183,"Ministry of Forest, Lands and Natural Resource Operations and Rural Development - GeoBC ",healthCareAndSocialAssistance,Health care and social assistance,Health care and social assistance,,183,893719.0500000013,1141030.1790000042
Campbell River & District Food Bank,Food; Food Bank,1393 Marwalk Crescent,Campbell River,1393 Marwalk Crescent,V9W 5V9,http://campbellriver.fetchbc.ca/service.html?i=49,,50.028755,-125.27188100000001,250-286-3226,250-286-3296,"1393 Marwalk Crescent, Campbell River, BC",20180601223150,,118,"Ministry of Forest, Lands and Natural Resource Operations and Rural Development - GeoBC ",healthCareAndSocialAssistance,Health care and social assistance,Health care and social assistance,,118,1052169.2229999998,557250.7340000002
Logan Lake Food Bank,Food; Food Bank,"#17, 220 Opal Dr",Logan Lake,PO Box 1006,V0K 1W0,,,50.4943979,-120.8167642,250-315-8357,,"#17, 220 Opal Dr, Logan Lake, BC",20180601223150,,128,"Ministry of Forest, Lands and Natural Resource Operations and Rural Development - GeoBC ",healthCareAndSocialAssistance,Health care and social assistance,Health care and social assistance,,128,1367259.9880000004,622244.2229999984
Fort Fraser Food Bank,Food; Food Bank,774 Hwy 16,Fort Fraser,PO Box 256,V0J 1N0,,,54.061062,-124.555023,250-690-7516,250-690-7456,"774 Hwy 16, Fort Fraser, BC",20180601223150,,138,"Ministry of Forest, Lands and Natural Resource Operations and Rural Development - GeoBC ",healthCareAndSocialAssistance,Health care and social assistance,Health care and social assistance,,138,1094353.0050000015,1007388.6320000002
Sorrento Food Bank,Food; Food Bank,,Sorrento,2804 Arnheim Road,V0E 2W0,http://www.sorrentofoodbank.ca,,50.8778207,-119.4669408,250-253-3663,,"Sorrento, BC",20180601223150,,178,"Ministry of Forest, Lands and Natural Resource Operations and Rural Development - GeoBC ",healthCareAndSocialAssistance,Health care and social assistance,Health care and social assistance,,178,1458725.0869999998,672659.8330000024
Port Alberni Community Food Bank Salvation Army,Food; Food Bank,,Port Alberni,4877 Argyle Street,V9Y 1V9,https://www.facebook.com/Port-Alberni-Community-Food-Bank-216204301741675/,,49.2455093,-124.8057291,250-723-6913,250-723-6398,"Port Alberni, BC",20180601223150,,116,"Ministry of Forest, Lands and Natural Resource Operations and Rural Development - GeoBC ",healthCareAndSocialAssistance,Health care and social assistance,Health care and social assistance,,116,1087035.042,470641.2579999985
Trail Salvation Army Services,Food; Food Bank,,Trail,730 Rossland Avenue,V1R 3N3,,,49.097355,-117.718552,250-364-0445,250-368-5806,"Trail, BC",20180601223150,,171,"Ministry of Forest, Lands and Natural Resource Operations and Rural Development - GeoBC ",healthCareAndSocialAssistance,Health care and social assistance,Health care and social assistance,,171,1604102.2449999982,488822.91000000294
Cranbrook Food Bank Society,Food; Food Bank,,Cranbrook,104-8th Ave South,V1C 2K5,http://www.cranbrookfoodbank.ca/,,49.510048,-115.770378,250-426-7664,250-426-7610,"Cranbrook, BC",20180601223150,,125,"Ministry of Forest, Lands and Natural Resource Operations and Rural Development - GeoBC ",healthCareAndSocialAssistance,Health care and social assistance,Health care and social assistance,,125,1738715.6099999985,552771.8820000002
Lakes District Food Bank- Burns Lake,Food; Food Bank,788 Centre St,Burns Lake,PO Box 777,V0J 1E0,http://www.ldfes.com,,54.235495,-125.7595717,250-251-1466,,"788 Centre St, Burns Lake, BC",20180601223150,,157,"Ministry of Forest, Lands and Natural Resource Operations and Rural Development - GeoBC ",healthCareAndSocialAssistance,Health care and social assistance,Health care and social assistance,,157,1015634.2420000009,1025921.0440000016
Creston Valley Gleaners Food Bank,Food; Food Bank,,Creston,807 Canyon St,V0B 1G3,http://www.crestonvalleygleaners.com/p/food-bank.html,,49.095188,-116.516037,250-428-4166,,"Creston, BC",20180601223150,,164,"Ministry of Forest, Lands and Natural Resource Operations and Rural Development - GeoBC ",healthCareAndSocialAssistance,Health care and social assistance,Health care and social assistance,,164,1691361.7349999987,499587.12900000066
Bella Coola Valley Food Bank,Food; Food Bank,,Bella Coola,Box 22,V0T 1C0,,,52.372893999999995,-126.762573,250-799-5588,250-799-5791,"Bella Coola, BC",20180601223150,,102,"Ministry of Forest, Lands and Natural Resource Operations and Rural Development - GeoBC ",healthCareAndSocialAssistance,Health care and social assistance,Health care and social assistance,,102,948174.7860000004,818361.0149999987
Chilliwack Community Food Bank & Salvation Army,Food; Food Bank,,Chilliwack,45746 Yale Road,V2P 2N4,http://www.salvationarmychilliwack.ca/care-and-share/food-bank/,,49.1601446,-121.9582551,604-792-0001,604-792-5367,"Chilliwack, BC",20180601223150,,188,"Ministry of Forest, Lands and Natural Resource Operations and Rural Development - GeoBC ",healthCareAndSocialAssistance,Health care and social assistance,Health care and social assistance,,188,1294945.9480000008,468844.94500000775
Mt. Arrowsmith Salvation Army Community Ministries,Food; Food Bank,886 Wembley Road,Parksville,PO Box 1874,V9P 2H6,https://parksvillesalvationarmy.ca/services/food-bank/,,49.3428356,-124.3576818,250-248-8793,250-248-8601,"886 Wembley Road, Parksville, BC",20180601223150,,170,"Ministry of Forest, Lands and Natural Resource Operations and Rural Development - GeoBC ",healthCareAndSocialAssistance,Health care and social assistance,Health care and social assistance,,170,1119431.5180000002,482107.14299999736
Ashcroft South Cariboo Elizabeth Fry Society Food Bank,Food; Food Bank,601 Bancroft St,Ashcroft,P.O. Box 603,V0K 1A0,,,50.721236999999995,-121.283356,250-453-9656,250-453-2034,"601 Bancroft St, Ashcroft, BC",20180601223150,,126,"Ministry of Forest, Lands and Natural Resource Operations and Rural Development - GeoBC ",healthCareAndSocialAssistance,Health care and social assistance,Health care and social assistance,,126,1332569.694000001,645127.0029999996
Fernie Salvation Army Family Services,Food; Food Bank,741 - 2nd Ave,Fernie,P.O. Box 2259,V0B 1M0,,,49.505066,-115.059608,250-423-4668,,"741 - 2nd Ave, Fernie, BC",20180601223150,,161,"Ministry of Forest, Lands and Natural Resource Operations and Rural Development - GeoBC ",healthCareAndSocialAssistance,Health care and social assistance,Health care and social assistance,,161,1789732.1119999993,559897.3820000002
Community Connections Food Bank,Food; Food Bank,314 Second St East,Revelstoke,PO Box 2880,V0E 2S0,http://community-connections.ca/,,50.9966986,-118.1936441,250-837-2920,250-837-2909,"314 Second St East, Revelstoke, BC",20180601223150,,106,"Ministry of Forest, Lands and Natural Resource Operations and Rural Development - GeoBC ",healthCareAndSocialAssistance,Health care and social assistance,Health care and social assistance,,106,1546341.0620000008,694869.5909999991
Boundary Community Food Bank - Grand Forks,Food; Food Bank,215 Central Avenue,Grand Forks,Box 1052,V0H 1H0,http://www.boundarycommunityfoodbank.ca/,,49.0337413,-118.4393028,250-442-2800,,"215 Central Avenue, Grand Forks, BC",20180601223150,,105,"Ministry of Forest, Lands and Natural Resource Operations and Rural Development - GeoBC ",healthCareAndSocialAssistance,Health care and social assistance,Health care and social assistance,,105,1552488.9199999995,475913.06799999904
Central Okanagan Food Bank,Food; Food Bank,,Kelowna,1265 Ellis St,V1Y 1Z7,https://cofoodbank.com/,,49.892429,-119.493401,250-763-7161,250-763-9116,"Kelowna, BC",20180601223150,,120,"Ministry of Forest, Lands and Natural Resource Operations and Rural Development - GeoBC ",healthCareAndSocialAssistance,Health care and social assistance,Health care and social assistance,,120,1466937.0869999982,563293.4560000086
Harvest Food Bank,Food; Food Bank,7120 Market St,Port Hardy,PO Box 849,V0N 2P0,https://harvestfoodbank.org/,,50.721188,-127.492462,250-902-0332,250-902-0613,"7120 Market St, Port Hardy, BC",20180601223150,,127,"Ministry of Forest, Lands and Natural Resource Operations and Rural Development - GeoBC ",healthCareAndSocialAssistance,Health care and social assistance,Health care and social assistance,,127,894696.5690000007,635148.4589999998
Columbia Valley Food Bank,Food; Food Bank,201 7th Avenue (Basement),Invermere,P.O. Box 2141,V0A 1K0,http://familydynamix.ca/our-services/food/columbia-valley-food-bank/,,50.510113,-116.030312,250-342-0850,,"201 7th Avenue (Basement), Invermere, BC",20180601223150,,131,"Ministry of Forest, Lands and Natural Resource Operations and Rural Development - GeoBC ",healthCareAndSocialAssistance,Health care and social assistance,Health care and social assistance,,131,1704456.9340000006,660229.1570000015
Ladysmith Food Bank,Food; Food Bank,630 2nd Avenue,Ladysmith,P.O. Box 1653,V9G 1B2,http://www.lrca.ca/programs/food-bank/,,48.9933677,-123.8204938,250-245-3079,250-245-3798,"630 2nd Avenue, Ladysmith, BC",20180601223150,,156,"Ministry of Forest, Lands and Natural Resource Operations and Rural Development - GeoBC ",healthCareAndSocialAssistance,Health care and social assistance,Health care and social assistance,,156,1159680.8259999992,444355.5919999983
Comox Valley Food Bank,Food; Food Bank,1491 Mcphee Avenue,Courtenay,PO Box 3028,V9N 5N3,http://comoxvalleyfoodbank.com/,,49.681995,-124.999451,250-338-0615,250-871-7378,"1491 Mcphee Avenue, Courtenay, BC",20180601223150,,155,"Ministry of Forest, Lands and Natural Resource Operations and Rural Development - GeoBC ",healthCareAndSocialAssistance,Health care and social assistance,Health care and social assistance,,155,1072232.5289999992,518930.7600000007
Loaves & Fishes Community Food Bank,Food; Food Bank,,Nanaimo,1009 Farquhar St,V9R 2G2,https://www.nanaimoloavesandfishes.org/,,49.156043999999994,-123.93038899999999,250-754-8347,,"Nanaimo, BC",20180601223150,,122,"Ministry of Forest, Lands and Natural Resource Operations and Rural Development - GeoBC ",healthCareAndSocialAssistance,Health care and social assistance,Health care and social assistance,,122,1151103.5380000002,462176.296000001
Oliver Food Bank,Food; Food Bank,6047 Station St,Oliver,P.O. Box 405,V0H 1T0,,,49.1816701,-119.5482871,250-498-4555,,"6047 Station St, Oliver, BC",20180601223150,,129,"Ministry of Forest, Lands and Natural Resource Operations and Rural Development - GeoBC ",healthCareAndSocialAssistance,Health care and social assistance,Health care and social assistance,,129,1470199.5350000004,484255.3210000023
Quesnel Salvation Army Food Bank,Food; Food Bank,374 Mclean St,Quesnel,374 Mclean St,V2J 2N9,,,52.9788674,-122.4952298,604-992-7079,250-991-5189,"374 Mclean St, Quesnel, BC",20180601223150,,117,"Ministry of Forest, Lands and Natural Resource Operations and Rural Development - GeoBC ",healthCareAndSocialAssistance,Health care and social assistance,Health care and social assistance,,117,1234750.251,891480.4240000015
Sparwood Food Bank,Food; Food Bank,125d Centennial Square,Sparwood,PO Box 682,V0B 2G0,,,49.732105,-114.886963,250-425-2355,,"125d Centennial Square, Sparwood, BC",20180601223150,,134,"Ministry of Forest, Lands and Natural Resource Operations and Rural Development - GeoBC ",healthCareAndSocialAssistance,Health care and social assistance,Health care and social assistance,,134,1798146.794,586768.0150000015
Kimberley Helping Hands Food Bank,Food; Food Bank,,Kimberley,340 Leadenhall St,V1A 2X6,,,49.682865,-115.984146,250-427-5522,,"Kimberley, BC",20180601223150,,113,"Ministry of Forest, Lands and Natural Resource Operations and Rural Development - GeoBC ",healthCareAndSocialAssistance,Health care and social assistance,Health care and social assistance,,113,1720673.908999999,569583.8640000019
South Delta Food Bank,Food; Food Bank,,Delta,5545 Ladner Trunk Rd,V4K 1X1,,,49.0905708,-123.0705025,604-946-1967,604-946-4944,"Delta, BC",20180601223150,,150,"Ministry of Forest, Lands and Natural Resource Operations and Rural Development - GeoBC ",healthCareAndSocialAssistance,Health care and social assistance,Health care and social assistance,,150,1214154.686,457125.75799999945
Cherryville Community Food Bank Society,Food; Food Bank,158 Northfork Road,Cherryville,158 Northfork Road,V0E 2G3,https://www.facebook.com/CherryvilleCommunityFoodBankSociety/,,50.2434236,-118.6086787,250-547-6646,250-547-8944,"158 Northfork Road, Cherryville, BC",20180601223150,,104,"Ministry of Forest, Lands and Natural Resource Operations and Rural Development - GeoBC ",healthCareAndSocialAssistance,Health care and social assistance,Health care and social assistance,,104,1526141.7769999998,608356.1620000042
Osoyoos Food Bank,Food; Food Bank,,Osoyoos,6210 97th Street,V0H 1V4,,,49.0253816,-119.4749842,250-495-6581,,"Osoyoos, BC",20180601223150,,162,"Ministry of Forest, Lands and Natural Resource Operations and Rural Development - GeoBC ",healthCareAndSocialAssistance,Health care and social assistance,Health care and social assistance,,162,1477124.7409999997,467457.37000000756
Food Bank on the Edge,Food; Food Bank,#160 Sea Plane Base Rd,Ucluelet,PO Box 1146,V0R 3A0,https://www.facebook.com/Food-Bank-on-the-Edge-645224955537342/,,48.948353,-125.559563,250-726-6909,250-726-7543,"#160 Sea Plane Base Rd, Ucluelet, BC",20180601223150,,182,"Ministry of Forest, Lands and Natural Resource Operations and Rural Development - GeoBC ",healthCareAndSocialAssistance,Health care and social assistance,Health care and social assistance,,182,1032304.4700000006,436998.38000000175
Okanagan Boys & Girls Club,Food; Food Bank,3459 Pleasant Valley Rd,Armstrong,P.O. Box 332,V0E 1B0,,,50.447891,-119.195297,250-546-3465,250-546-3465,"3459 Pleasant Valley Rd, Armstrong, BC",20180601223150,,197,"Ministry of Forest, Lands and Natural Resource Operations and Rural Development - GeoBC ",healthCareAndSocialAssistance,Health care and social assistance,Health care and social assistance,,197,1482334.6499999994,626816.6480000056
Feed Enderby and District Food Bank,Food; Food Bank,1110 Belvedere Street,Enderby,PO Box 1001,V0E 1V0,http://www.enderbyfoodbank.ca/,,50.552676999999996,-119.138618,250-938-3114,,"1110 Belvedere Street, Enderby, BC",20180601223150,,168,"Ministry of Forest, Lands and Natural Resource Operations and Rural Development - GeoBC ",healthCareAndSocialAssistance,Health care and social assistance,Health care and social assistance,,168,1485211.0409999995,638812.4530000035
Sooke Food Bank Society,Food; Food Bank,2037 Shields Road,Sooke,PO Box 983,V0S 1N0,,,48.3772237,-123.7249826,250-642-7666,,"2037 Shields Road, Sooke, BC",20180601223150,,172,"Ministry of Forest, Lands and Natural Resource Operations and Rural Development - GeoBC ",healthCareAndSocialAssistance,Health care and social assistance,Health care and social assistance,,172,1168873.7909999986,376212.5540000014
Sources Langley Food Bank,Food; Food Bank,,Langley,5673 200 Street,V3A 1M7,https://sourcesfoundation.ca/sources-langley-food-bank/,,49.105846,-122.669189,604-531-8168,,"Langley, BC",20180601223150,,151,"Ministry of Forest, Lands and Natural Resource Operations and Rural Development - GeoBC ",healthCareAndSocialAssistance,Health care and social assistance,Health care and social assistance,,151,1243391.7019999991,460117.83799999394
Quadra Island Food Bank,Food; Food Bank,,Quathiaski Cove,P.O. Box 243,V0P 1H0,,,50.0617928,-125.2088915,250-285-3903,,"Quathiaski Cove, BC",20180601223150,,167,"Ministry of Forest, Lands and Natural Resource Operations and Rural Development - GeoBC ",healthCareAndSocialAssistance,Health care and social assistance,Health care and social assistance,,167,1056641.1300000015,560973.9159999983
St. Joseph's Food Bank,Food; Food Bank,,Mission,32550 7th Ave,V2V 2B9,http://missionfoodbank.com/about/,,49.1399518,-122.3233595,604-425-0392,,"Mission, BC",20180601223150,,190,"Ministry of Forest, Lands and Natural Resource Operations and Rural Development - GeoBC ",healthCareAndSocialAssistance,Health care and social assistance,Health care and social assistance,,190,1268444.0950000011,465152.16400000174
Whistler Food Bank,Food; Food Bank,1519 Spring Creek Drive,Whistler,PO Box 900,V0N 1B0,http://mywcss.org/programs/food-bank/,,50.0866386,-123.0194588,604-932-0113,604-932-0599,"1519 Spring Creek Drive, Whistler, BC",20180601223150,,123,"Ministry of Forest, Lands and Natural Resource Operations and Rural Development - GeoBC ",healthCareAndSocialAssistance,Health care and social assistance,Health care and social assistance,,123,1213223.3809999987,567910.6079999963
Summerland Community Food Bank,Food; Food Bank,13204 Henry Avenue,Summerland,PO Box 20051,V0H 1Z0,http://www.summerlandfoodbank.org,,49.6020521,-119.6824965,778-516-0015,,"13204 Henry Avenue, Summerland, BC",20180601223150,,124,"Ministry of Forest, Lands and Natural Resource Operations and Rural Development - GeoBC ",healthCareAndSocialAssistance,Health care and social assistance,Health care and social assistance,,124,1456280.991,529905.6500000004
Lake Cowichan Food Bank Society,Food; Food Bank,205 South Shore Road,Lake Cowichan,PO Box 1087,V0R 2G0,,,48.8207831,-124.0584187,250-746-6239,250-749-6239,"205 South Shore Road, Lake Cowichan, BC",20180601223150,,143,"Ministry of Forest, Lands and Natural Resource Operations and Rural Development - GeoBC ",healthCareAndSocialAssistance,Health care and social assistance,Health care and social assistance,,143,1142779.5559999996,424689.7739999974
Cms Food Bank,Food; Food Bank,2740 Lashburn Rd,Mill Bay,PO Box 428,V0R 2P1,http://cmsfoodbank.ca,,48.652851,-123.557678,250-743-5242,250-743-5268,"2740 Lashburn Rd, Mill Bay, BC",20180601223150,,175,"Ministry of Forest, Lands and Natural Resource Operations and Rural Development - GeoBC ",healthCareAndSocialAssistance,Health care and social assistance,Health care and social assistance,,175,1180232.885,407197.13800000213
New Life Assembly Family Assistance Program Food Bank,Food; Food Bank,,Tumbler Ridge,275 Murray Drive,V0C 2W0,,,55.13419,-120.991844,250-242-7404,,"Tumbler Ridge, BC",20180601223150,,108,"Ministry of Forest, Lands and Natural Resource Operations and Rural Development - GeoBC ",healthCareAndSocialAssistance,Health care and social assistance,Health care and social assistance,,108,1318301.7670000014,1137472.4369999906
Share Family & Community Services,Food; Food Bank,,Port Moody,2615 Clark Street,V3H 1Z4,http://sharesociety.ca/food-bank/,,49.277739999999994,-122.85253900000001,604-540-9161,,"Port Moody, BC",20180601223150,,177,"Ministry of Forest, Lands and Natural Resource Operations and Rural Development - GeoBC ",healthCareAndSocialAssistance,Health care and social assistance,Health care and social assistance,,177,1229154.084000001,478583.3309999993
Salt Spring Island Community Services Food Bank,Food; Food Bank,,Salt Spring Island,268 Fulford Ganges Rd,V8K 2K6,http://saltspringcommunityservices.ca/food-security/food-bank/,,48.847462,-123.499825,250-537-9971,250-537-9974,"Salt Spring Island, BC",20180601223150,,186,"Ministry of Forest, Lands and Natural Resource Operations and Rural Development - GeoBC ",healthCareAndSocialAssistance,Health care and social assistance,Health care and social assistance,,186,1183737.518,428938.9300000025
Slocan Valley Food Cupboard,Food; Food Bank,1001 Harold St.,Slocan,PO Box 10,V0G 2C0,http://wegcss.org/programs/slocan-valley-food-cupboard/,,49.763321,-117.4702542,250-355-2484,250-355-2389,"1001 Harold St., Slocan, BC",20180601223150,,130,"Ministry of Forest, Lands and Natural Resource Operations and Rural Development - GeoBC ",healthCareAndSocialAssistance,Health care and social assistance,Health care and social assistance,,130,1613231.6950000003,564451.7259999989
Lytton Community Food Bank,Food; Food Bank,,Lytton,PO Box 87,V0K 1Z0,,,50.2313783,-121.5823821,250-455-2316,250-455-6669,"Lytton, BC",20180601223150,,109,"Ministry of Forest, Lands and Natural Resource Operations and Rural Development - GeoBC ",healthCareAndSocialAssistance,Health care and social assistance,Health care and social assistance,,109,1314913.7180000008,589352.895999996
Mayne Island Food Bank,Food; Food Bank,,Mayne Island,360 Georgia Point Road,V0N 2J1,,,48.8477855,-123.2833136,250-539-2859,,"Mayne Island, BC",20180601223150,,173,"Ministry of Forest, Lands and Natural Resource Operations and Rural Development - GeoBC ",healthCareAndSocialAssistance,Health care and social assistance,Health care and social assistance,,173,1199640.0329999998,429561.09700000007
Powell River Action Centre Food Bank,Food; Food Bank,6812d Alberni Street,Powell River,6812d Alberni St,V8A 2B4,,,49.844173,-124.528366,604-485-9166,,"6812d Alberni Street, Powell River, BC",20180601223150,,111,"Ministry of Forest, Lands and Natural Resource Operations and Rural Development - GeoBC ",healthCareAndSocialAssistance,Health care and social assistance,Health care and social assistance,,111,1105862.557,537553.7160000019
